Type,Name,Request Count,Failure Count,Median Response Time,Average Response Time,Min Response Time,Max Response Time,Average Content Size,Requests/s,Failures/s,50%,66%,75%,80%,90%,95%,98%,99%,99.9%,99.99%,100%
POST,/api/auth/login,300,300,100.0,101.5570363402124,18.152459000702947,204.23465299973032,0.0,7.344864467886561,7.344864467886561,100,110,120,120,150,160,190,200,200,200,200
POST,/api/auth/register,3861,3861,390.0,426.9039950797887,1.7559309999342076,1293.0482999945525,0.0,94.52840570170004,94.52840570170004,390,520,610,670,820,930,1100,1100,1300,1300,1300
,Aggregated,4161,4161,370.0,403.4471126904896,1.7559309999342076,1293.0482999945525,0.0,101.87327016958659,101.87327016958659,370,500,590,650,800,920,1000,1100,1300,1300,1300
