Type,Name,Request Count,Failure Count,Median Response Time,Average Response Time,Min Response Time,Max Response Time,Average Content Size,Requests/s,Failures/s,50%,66%,75%,80%,90%,95%,98%,99%,99.9%,99.99%,100%
POST,/api/auth/login,2,2,12.159188001533039,15.133634999074275,12.159188001533039,18.10808199661551,0.0,1.8712846660585656,1.8712846660585656,18,18,18,18,18,18,18,18,18,18,18
POST,/api/auth/register,15,15,20,25.573293533913482,1.687237003352493,53.951829999277834,0.0,14.03463499543924,14.03463499543924,20,31,43,50,52,54,54,54,54,54,54
,Aggregated,17,17,19,24.34509841216769,1.687237003352493,53.951829999277834,0.0,15.905919661497807,15.905919661497807,19,31,37,43,52,54,54,54,54,54,54
